FULL_TIMESTAMP,DAY_OF_WEEK,MONTH,SETTLEMENT_PERIOD,lag_1,lag_48,lag_336,EMBEDDED_WIND_GENERATION,EMBEDDED_SOLAR_GENERATION,Predicted_ND
2026-04-29 18:00:00,2,4,37,26709.0,28173.0,26049.0,1907.9026111111111,1720.7782777777777,27061.73
2026-04-29 18:30:00,2,4,38,27061.73,28754.0,26493.0,1907.9026111111111,1720.7782777777777,27545.33
2026-04-29 19:00:00,2,4,39,27545.33,28482.0,26136.0,1907.9026111111111,1720.7782777777777,27704.3
2026-04-29 19:30:00,2,4,40,27704.3,27608.0,25536.0,1907.9026111111111,1720.7782777777777,27697.82
2026-04-29 20:00:00,2,4,41,27697.82,26744.0,25173.0,1907.9026111111111,1720.7782777777777,27382.88
2026-04-29 20:30:00,2,4,42,27382.88,26115.0,24626.0,1907.9026111111111,1720.7782777777777,27297.5
2026-04-29 21:00:00,2,4,43,27297.5,25942.0,24303.0,1907.9026111111111,1720.7782777777777,26441.64
2026-04-29 21:30:00,2,4,44,26441.64,25513.0,23685.0,1907.9026111111111,1720.7782777777777,25710.19
2026-04-29 22:00:00,2,4,45,25710.19,24975.0,23434.0,1907.9026111111111,1720.7782777777777,24385.92
2026-04-29 22:30:00,2,4,46,24385.92,25083.0,23305.0,1907.9026111111111,1720.7782777777777,23317.78
2026-04-29 23:00:00,2,4,47,23317.78,25183.0,23488.0,1907.9026111111111,1720.7782777777777,22417.0
2026-04-29 23:30:00,2,4,48,22417.0,26403.0,24216.0,1907.9026111111111,1720.7782777777777,21384.65
2026-04-30 00:00:00,3,4,1,21384.65,28947.0,26426.0,1907.9026111111111,1720.7782777777777,20776.88
2026-04-30 00:30:00,3,4,2,20776.88,31282.0,28581.0,1907.9026111111111,1720.7782777777777,21067.6
2026-04-30 01:00:00,3,4,3,21067.6,34331.0,31097.0,1907.9026111111111,1720.7782777777777,21404.56
2026-04-30 01:30:00,3,4,4,21404.56,35994.0,32918.0,1907.9026111111111,1720.7782777777777,21694.67
2026-04-30 02:00:00,3,4,5,21694.67,37387.0,34471.0,1907.9026111111111,1720.7782777777777,21705.59
2026-04-30 02:30:00,3,4,6,21705.59,37498.0,35102.0,1907.9026111111111,1720.7782777777777,21644.47
2026-04-30 03:00:00,3,4,7,21644.47,38081.0,35947.0,1907.9026111111111,1720.7782777777777,21705.33
2026-04-30 03:30:00,3,4,8,21705.33,37826.0,36013.0,1907.9026111111111,1720.7782777777777,21662.69
2026-04-30 04:00:00,3,4,9,21662.69,37892.0,35886.0,1907.9026111111111,1720.7782777777777,21715.04
2026-04-30 04:30:00,3,4,10,21715.04,37540.0,35995.0,1907.9026111111111,1720.7782777777777,21751.25
2026-04-30 05:00:00,3,4,11,21751.25,37374.0,35653.0,1907.9026111111111,1720.7782777777777,22660.56
2026-04-30 05:30:00,3,4,12,22660.56,37342.0,35464.0,1907.9026111111111,1720.7782777777777,23708.29
2026-04-30 06:00:00,3,4,13,23708.29,37895.0,35793.0,1907.9026111111111,1720.7782777777777,25687.25
2026-04-30 06:30:00,3,4,14,25687.25,37618.0,35875.0,1907.9026111111111,1720.7782777777777,27928.76
2026-04-30 07:00:00,3,4,15,27928.76,37607.0,35644.0,1907.9026111111111,1720.7782777777777,30729.99
2026-04-30 07:30:00,3,4,16,30729.99,37495.0,35485.0,1907.9026111111111,1720.7782777777777,31835.87
2026-04-30 08:00:00,3,4,17,31835.87,37712.0,35291.0,1907.9026111111111,1720.7782777777777,32844.8
2026-04-30 08:30:00,3,4,18,32844.8,37798.0,35316.0,1907.9026111111111,1720.7782777777777,33031.52
2026-04-30 09:00:00,3,4,19,33031.52,37853.0,35446.0,1907.9026111111111,1720.7782777777777,33502.35
2026-04-30 09:30:00,3,4,20,33502.35,38703.0,35960.0,1907.9026111111111,1720.7782777777777,33751.14
2026-04-30 10:00:00,3,4,21,33751.14,39305.0,36639.0,1907.9026111111111,1720.7782777777777,33933.11
2026-04-30 10:30:00,3,4,22,33933.11,40927.0,37762.0,1907.9026111111111,1720.7782777777777,33957.76
2026-04-30 11:00:00,3,4,23,33957.76,42129.0,38909.0,1907.9026111111111,1720.7782777777777,33955.42
2026-04-30 11:30:00,3,4,24,33955.42,42235.0,38967.0,1907.9026111111111,1720.7782777777777,33952.85
2026-04-30 12:00:00,3,4,25,33952.85,42090.0,38508.0,1907.9026111111111,1720.7782777777777,33955.73
2026-04-30 12:30:00,3,4,26,33955.73,41543.0,37834.0,1907.9026111111111,1720.7782777777777,33954.49
2026-04-30 13:00:00,3,4,27,33954.49,40828.0,36942.0,1907.9026111111111,1720.7782777777777,33969.36
2026-04-30 13:30:00,3,4,28,33969.36,39383.0,36024.0,1907.9026111111111,1720.7782777777777,33986.92
2026-04-30 14:00:00,3,4,29,33986.92,38773.0,34774.0,1907.9026111111111,1720.7782777777777,33981.35
2026-04-30 14:30:00,3,4,30,33981.35,37425.0,33407.0,1907.9026111111111,1720.7782777777777,33959.27
2026-04-30 15:00:00,3,4,31,33959.27,35347.0,31842.0,1907.9026111111111,1720.7782777777777,33861.95
2026-04-30 15:30:00,3,4,32,33861.95,33935.0,30526.0,1907.9026111111111,1720.7782777777777,34335.89
2026-04-30 16:00:00,3,4,33,34335.89,31873.0,28610.0,1907.9026111111111,1720.7782777777777,35018.28
2026-04-30 16:30:00,3,4,34,35018.28,30217.0,27698.0,1907.9026111111111,1720.7782777777777,35647.43
2026-04-30 17:00:00,3,4,35,35647.43,28193.0,25985.0,1907.9026111111111,1720.7782777777777,36040.17
2026-04-30 17:30:00,3,4,36,36040.17,26709.0,25232.0,1907.9026111111111,1720.7782777777777,36352.55
2026-04-30 18:00:00,3,4,37,36352.55,27061.73,25649.0,1907.9026111111111,1720.7782777777777,36403.34
2026-04-30 18:30:00,3,4,38,36403.34,27545.33,25919.0,1907.9026111111111,1720.7782777777777,35994.16
2026-04-30 19:00:00,3,4,39,35994.16,27704.3,25785.0,1907.9026111111111,1720.7782777777777,35451.01
2026-04-30 19:30:00,3,4,40,35451.01,27697.82,25054.0,1907.9026111111111,1720.7782777777777,34867.87
2026-04-30 20:00:00,3,4,41,34867.87,27382.88,24531.0,1907.9026111111111,1720.7782777777777,33823.09
2026-04-30 20:30:00,3,4,42,33823.09,27297.5,23899.0,1907.9026111111111,1720.7782777777777,32858.37
2026-04-30 21:00:00,3,4,43,32858.37,26441.64,23348.0,1907.9026111111111,1720.7782777777777,31790.25
2026-04-30 21:30:00,3,4,44,31790.25,25710.19,22598.0,1907.9026111111111,1720.7782777777777,30264.17
2026-04-30 22:00:00,3,4,45,30264.17,24385.92,22019.0,1907.9026111111111,1720.7782777777777,28550.35
2026-04-30 22:30:00,3,4,46,28550.35,23317.78,21854.0,1907.9026111111111,1720.7782777777777,26940.85
2026-04-30 23:00:00,3,4,47,26940.85,22417.0,21725.0,1907.9026111111111,1720.7782777777777,25463.42
2026-04-30 23:30:00,3,4,48,25463.42,21384.65,21744.0,1907.9026111111111,1720.7782777777777,23886.35
2026-05-01 00:00:00,4,5,1,23886.35,20776.88,22862.0,1907.9026111111111,1720.7782777777777,23291.41
2026-05-01 00:30:00,4,5,2,23291.41,21067.6,23827.0,1907.9026111111111,1720.7782777777777,23190.36
2026-05-01 01:00:00,4,5,3,23190.36,21404.56,25129.0,1907.9026111111111,1720.7782777777777,22898.52
2026-05-01 01:30:00,4,5,4,22898.52,21694.67,26182.0,1907.9026111111111,1720.7782777777777,22519.84
2026-05-01 02:00:00,4,5,5,22519.84,21705.59,27668.0,1907.9026111111111,1720.7782777777777,22194.97
2026-05-01 02:30:00,4,5,6,22194.97,21644.47,28613.0,1907.9026111111111,1720.7782777777777,21933.24
2026-05-01 03:00:00,4,5,7,21933.24,21705.33,29388.0,1907.9026111111111,1720.7782777777777,21822.17
2026-05-01 03:30:00,4,5,8,21822.17,21662.69,29584.0,1907.9026111111111,1720.7782777777777,21744.84
2026-05-01 04:00:00,4,5,9,21744.84,21715.04,29921.0,1907.9026111111111,1720.7782777777777,21716.3
2026-05-01 04:30:00,4,5,10,21716.3,21751.25,29717.0,1907.9026111111111,1720.7782777777777,21832.96
2026-05-01 05:00:00,4,5,11,21832.96,22660.56,29542.0,1907.9026111111111,1720.7782777777777,22657.99
2026-05-01 05:30:00,4,5,12,22657.99,23708.29,29270.0,1907.9026111111111,1720.7782777777777,23693.29
2026-05-01 06:00:00,4,5,13,23693.29,25687.25,29446.0,1907.9026111111111,1720.7782777777777,25841.11
2026-05-01 06:30:00,4,5,14,25841.11,27928.76,29273.0,1907.9026111111111,1720.7782777777777,28244.62
2026-05-01 07:00:00,4,5,15,28244.62,30729.99,29283.0,1907.9026111111111,1720.7782777777777,30645.0
2026-05-01 07:30:00,4,5,16,30645.0,31835.87,29726.0,1907.9026111111111,1720.7782777777777,31800.57
2026-05-01 08:00:00,4,5,17,31800.57,32844.8,29848.0,1907.9026111111111,1720.7782777777777,32591.92
2026-05-01 08:30:00,4,5,18,32591.92,33031.52,30498.0,1907.9026111111111,1720.7782777777777,32623.92
2026-05-01 09:00:00,4,5,19,32623.92,33502.35,30968.0,1907.9026111111111,1720.7782777777777,32769.75
2026-05-01 09:30:00,4,5,20,32769.75,33751.14,31595.0,1907.9026111111111,1720.7782777777777,32802.82
2026-05-01 10:00:00,4,5,21,32802.82,33933.11,33197.0,1907.9026111111111,1720.7782777777777,32789.0
2026-05-01 10:30:00,4,5,22,32789.0,33957.76,34744.0,1907.9026111111111,1720.7782777777777,32784.73
2026-05-01 11:00:00,4,5,23,32784.73,33955.42,36107.0,1907.9026111111111,1720.7782777777777,32788.3
2026-05-01 11:30:00,4,5,24,32788.3,33952.85,36221.0,1907.9026111111111,1720.7782777777777,32840.86
2026-05-01 12:00:00,4,5,25,32840.86,33955.73,36153.0,1907.9026111111111,1720.7782777777777,32876.39
2026-05-01 12:30:00,4,5,26,32876.39,33954.49,35458.0,1907.9026111111111,1720.7782777777777,32837.3
2026-05-01 13:00:00,4,5,27,32837.3,33969.36,34452.0,1907.9026111111111,1720.7782777777777,32832.02
2026-05-01 13:30:00,4,5,28,32832.02,33986.92,33304.0,1907.9026111111111,1720.7782777777777,32876.62
2026-05-01 14:00:00,4,5,29,32876.62,33981.35,32388.0,1907.9026111111111,1720.7782777777777,32892.26
2026-05-01 14:30:00,4,5,30,32892.26,33959.27,31310.0,1907.9026111111111,1720.7782777777777,32967.24
2026-05-01 15:00:00,4,5,31,32967.24,33861.95,29992.0,1907.9026111111111,1720.7782777777777,33312.27
2026-05-01 15:30:00,4,5,32,33312.27,34335.89,29081.0,1907.9026111111111,1720.7782777777777,33808.39
2026-05-01 16:00:00,4,5,33,33808.39,35018.28,27345.0,1907.9026111111111,1720.7782777777777,34201.42
2026-05-01 16:30:00,4,5,34,34201.42,35647.43,25944.0,1907.9026111111111,1720.7782777777777,34982.46
2026-05-01 17:00:00,4,5,35,34982.46,36040.17,24788.0,1907.9026111111111,1720.7782777777777,35549.19
2026-05-01 17:30:00,4,5,36,35549.19,36352.55,24507.0,1907.9026111111111,1720.7782777777777,36235.11
2026-05-01 18:00:00,4,5,37,36235.11,36403.34,24567.0,1907.9026111111111,1720.7782777777777,36480.74
2026-05-01 18:30:00,4,5,38,36480.74,35994.16,25349.0,1907.9026111111111,1720.7782777777777,36024.97
2026-05-01 19:00:00,4,5,39,36024.97,35451.01,24904.0,1907.9026111111111,1720.7782777777777,35543.42
2026-05-01 19:30:00,4,5,40,35543.42,34867.87,24367.0,1907.9026111111111,1720.7782777777777,35043.85
2026-05-01 20:00:00,4,5,41,35043.85,33823.09,23492.0,1907.9026111111111,1720.7782777777777,34090.37
2026-05-01 20:30:00,4,5,42,34090.37,32858.37,23070.0,1907.9026111111111,1720.7782777777777,32808.88
2026-05-01 21:00:00,4,5,43,32808.88,31790.25,22451.0,1907.9026111111111,1720.7782777777777,31803.58
2026-05-01 21:30:00,4,5,44,31803.58,30264.17,22145.0,1907.9026111111111,1720.7782777777777,30298.69
2026-05-01 22:00:00,4,5,45,30298.69,28550.35,21661.0,1907.9026111111111,1720.7782777777777,28651.91
2026-05-01 22:30:00,4,5,46,28651.91,26940.85,21352.0,1907.9026111111111,1720.7782777777777,27055.73
2026-05-01 23:00:00,4,5,47,27055.73,25463.42,20904.0,1907.9026111111111,1720.7782777777777,25569.27
2026-05-01 23:30:00,4,5,48,25569.27,23886.35,21041.0,1907.9026111111111,1720.7782777777777,24050.3
2026-05-02 00:00:00,5,5,1,24050.3,23291.41,21547.0,1907.9026111111111,1720.7782777777777,23594.9
2026-05-02 00:30:00,5,5,2,23594.9,23190.36,22310.0,1907.9026111111111,1720.7782777777777,23386.94
2026-05-02 01:00:00,5,5,3,23386.94,22898.52,23407.0,1907.9026111111111,1720.7782777777777,22982.06
2026-05-02 01:30:00,5,5,4,22982.06,22519.84,24269.0,1907.9026111111111,1720.7782777777777,22487.77
2026-05-02 02:00:00,5,5,5,22487.77,22194.97,25616.0,1907.9026111111111,1720.7782777777777,22035.4
2026-05-02 02:30:00,5,5,6,22035.4,21933.24,26843.0,1907.9026111111111,1720.7782777777777,21763.86
2026-05-02 03:00:00,5,5,7,21763.86,21822.17,28420.0,1907.9026111111111,1720.7782777777777,21714.88
2026-05-02 03:30:00,5,5,8,21714.88,21744.84,29475.0,1907.9026111111111,1720.7782777777777,21668.04
2026-05-02 04:00:00,5,5,9,21668.04,21716.3,30792.0,1907.9026111111111,1720.7782777777777,21648.65
2026-05-02 04:30:00,5,5,10,21648.65,21832.96,31196.0,1907.9026111111111,1720.7782777777777,21683.28
2026-05-02 05:00:00,5,5,11,21683.28,22657.99,31994.0,1907.9026111111111,1720.7782777777777,22142.6
2026-05-02 05:30:00,5,5,12,22142.6,23693.29,32648.0,1907.9026111111111,1720.7782777777777,22984.82
2026-05-02 06:00:00,5,5,13,22984.82,25841.11,33335.0,1907.9026111111111,1720.7782777777777,24098.64
2026-05-02 06:30:00,5,5,14,24098.64,28244.62,33794.0,1907.9026111111111,1720.7782777777777,25451.2
2026-05-02 07:00:00,5,5,15,25451.2,30645.0,34476.0,1907.9026111111111,1720.7782777777777,27205.26
2026-05-02 07:30:00,5,5,16,27205.26,31800.57,34649.0,1907.9026111111111,1720.7782777777777,28042.71
2026-05-02 08:00:00,5,5,17,28042.71,32591.92,34281.0,1907.9026111111111,1720.7782777777777,28883.64
2026-05-02 08:30:00,5,5,18,28883.64,32623.92,34825.0,1907.9026111111111,1720.7782777777777,29476.74
2026-05-02 09:00:00,5,5,19,29476.74,32769.75,35501.0,1907.9026111111111,1720.7782777777777,29954.68
2026-05-02 09:30:00,5,5,20,29954.68,32802.82,36379.0,1907.9026111111111,1720.7782777777777,30019.32
2026-05-02 10:00:00,5,5,21,30019.32,32789.0,37544.0,1907.9026111111111,1720.7782777777777,29880.97
2026-05-02 10:30:00,5,5,22,29880.97,32784.73,38398.0,1907.9026111111111,1720.7782777777777,29894.41
2026-05-02 11:00:00,5,5,23,29894.41,32788.3,39605.0,1907.9026111111111,1720.7782777777777,29945.89
2026-05-02 11:30:00,5,5,24,29945.89,32840.86,39465.0,1907.9026111111111,1720.7782777777777,30063.77
2026-05-02 12:00:00,5,5,25,30063.77,32876.39,38911.0,1907.9026111111111,1720.7782777777777,30226.53
2026-05-02 12:30:00,5,5,26,30226.53,32837.3,38102.0,1907.9026111111111,1720.7782777777777,30347.26
2026-05-02 13:00:00,5,5,27,30347.26,32832.02,37208.0,1907.9026111111111,1720.7782777777777,30452.79
2026-05-02 13:30:00,5,5,28,30452.79,32876.62,36296.0,1907.9026111111111,1720.7782777777777,30465.25
2026-05-02 14:00:00,5,5,29,30465.25,32892.26,35261.0,1907.9026111111111,1720.7782777777777,30476.63
2026-05-02 14:30:00,5,5,30,30476.63,32967.24,34108.0,1907.9026111111111,1720.7782777777777,30653.5
2026-05-02 15:00:00,5,5,31,30653.5,33312.27,32867.0,1907.9026111111111,1720.7782777777777,30976.82
2026-05-02 15:30:00,5,5,32,30976.82,33808.39,31251.0,1907.9026111111111,1720.7782777777777,31721.64
2026-05-02 16:00:00,5,5,33,31721.64,34201.42,29763.0,1907.9026111111111,1720.7782777777777,32453.56
2026-05-02 16:30:00,5,5,34,32453.56,34982.46,28494.0,1907.9026111111111,1720.7782777777777,33269.25
2026-05-02 17:00:00,5,5,35,33269.25,35549.19,27501.0,1907.9026111111111,1720.7782777777777,33790.28
2026-05-02 17:30:00,5,5,36,33790.28,36235.11,26694.0,1907.9026111111111,1720.7782777777777,34178.44
2026-05-02 18:00:00,5,5,37,34178.44,36480.74,26989.0,1907.9026111111111,1720.7782777777777,34859.32
2026-05-02 18:30:00,5,5,38,34859.32,36024.97,27598.0,1907.9026111111111,1720.7782777777777,35111.8
2026-05-02 19:00:00,5,5,39,35111.8,35543.42,27299.0,1907.9026111111111,1720.7782777777777,35045.65
2026-05-02 19:30:00,5,5,40,35045.65,35043.85,26605.0,1907.9026111111111,1720.7782777777777,34147.1
2026-05-02 20:00:00,5,5,41,34147.1,34090.37,26256.0,1907.9026111111111,1720.7782777777777,33090.13
2026-05-02 20:30:00,5,5,42,33090.13,32808.88,25776.0,1907.9026111111111,1720.7782777777777,32688.41
2026-05-02 21:00:00,5,5,43,32688.41,31803.58,25650.0,1907.9026111111111,1720.7782777777777,31788.47
2026-05-02 21:30:00,5,5,44,31788.47,30298.69,25203.0,1907.9026111111111,1720.7782777777777,30305.34
2026-05-02 22:00:00,5,5,45,30305.34,28651.91,24682.0,1907.9026111111111,1720.7782777777777,28816.03
2026-05-02 22:30:00,5,5,46,28816.03,27055.73,24696.0,1907.9026111111111,1720.7782777777777,27081.91
2026-05-02 23:00:00,5,5,47,27081.91,25569.27,24959.0,1907.9026111111111,1720.7782777777777,25566.23
2026-05-02 23:30:00,5,5,48,25566.23,24050.3,26101.0,1907.9026111111111,1720.7782777777777,24078.29
2026-05-03 00:00:00,6,5,1,24078.29,23594.9,28687.0,1907.9026111111111,1720.7782777777777,23719.45
2026-05-03 00:30:00,6,5,2,23719.45,23386.94,31332.0,1907.9026111111111,1720.7782777777777,23968.68
2026-05-03 01:00:00,6,5,3,23968.68,22982.06,33861.0,1907.9026111111111,1720.7782777777777,23580.09
2026-05-03 01:30:00,6,5,4,23580.09,22487.77,35751.0,1907.9026111111111,1720.7782777777777,23199.98
2026-05-03 02:00:00,6,5,5,23199.98,22035.4,37429.0,1907.9026111111111,1720.7782777777777,22804.26
2026-05-03 02:30:00,6,5,6,22804.26,21763.86,38528.0,1907.9026111111111,1720.7782777777777,22436.71
2026-05-03 03:00:00,6,5,7,22436.71,21714.88,40045.0,1907.9026111111111,1720.7782777777777,22079.14
2026-05-03 03:30:00,6,5,8,22079.14,21668.04,40544.0,1907.9026111111111,1720.7782777777777,21848.37
2026-05-03 04:00:00,6,5,9,21848.37,21648.65,39904.0,1907.9026111111111,1720.7782777777777,21690.06
2026-05-03 04:30:00,6,5,10,21690.06,21683.28,39596.0,1907.9026111111111,1720.7782777777777,21722.87
2026-05-03 05:00:00,6,5,11,21722.87,22142.6,39510.0,1907.9026111111111,1720.7782777777777,22231.65
2026-05-03 05:30:00,6,5,12,22231.65,22984.82,39407.0,1907.9026111111111,1720.7782777777777,23268.94
2026-05-03 06:00:00,6,5,13,23268.94,24098.64,40157.0,1907.9026111111111,1720.7782777777777,24460.14
2026-05-03 06:30:00,6,5,14,24460.14,25451.2,39899.0,1907.9026111111111,1720.7782777777777,26034.28
2026-05-03 07:00:00,6,5,15,26034.28,27205.26,39967.0,1907.9026111111111,1720.7782777777777,27746.45
2026-05-03 07:30:00,6,5,16,27746.45,28042.71,39660.0,1907.9026111111111,1720.7782777777777,28690.64
2026-05-03 08:00:00,6,5,17,28690.64,28883.64,39303.0,1907.9026111111111,1720.7782777777777,30017.86
2026-05-03 08:30:00,6,5,18,30017.86,29476.74,39112.0,1907.9026111111111,1720.7782777777777,30339.11
2026-05-03 09:00:00,6,5,19,30339.11,29954.68,39024.0,1907.9026111111111,1720.7782777777777,30614.97
2026-05-03 09:30:00,6,5,20,30614.97,30019.32,39588.0,1907.9026111111111,1720.7782777777777,31011.97
2026-05-03 10:00:00,6,5,21,31011.97,29880.97,40400.0,1907.9026111111111,1720.7782777777777,31115.03
2026-05-03 10:30:00,6,5,22,31115.03,29894.41,41475.0,1907.9026111111111,1720.7782777777777,31202.59
2026-05-03 11:00:00,6,5,23,31202.59,29945.89,41981.0,1907.9026111111111,1720.7782777777777,31362.35
2026-05-03 11:30:00,6,5,24,31362.35,30063.77,41820.0,1907.9026111111111,1720.7782777777777,31672.07
2026-05-03 12:00:00,6,5,25,31672.07,30226.53,41386.0,1907.9026111111111,1720.7782777777777,31856.74
2026-05-03 12:30:00,6,5,26,31856.74,30347.26,40834.0,1907.9026111111111,1720.7782777777777,31989.14
2026-05-03 13:00:00,6,5,27,31989.14,30452.79,39811.0,1907.9026111111111,1720.7782777777777,32111.52
2026-05-03 13:30:00,6,5,28,32111.52,30465.25,39087.0,1907.9026111111111,1720.7782777777777,32301.52
2026-05-03 14:00:00,6,5,29,32301.52,30476.63,37907.0,1907.9026111111111,1720.7782777777777,32589.15
2026-05-03 14:30:00,6,5,30,32589.15,30653.5,35665.0,1907.9026111111111,1720.7782777777777,32805.66
2026-05-03 15:00:00,6,5,31,32805.66,30976.82,34399.0,1907.9026111111111,1720.7782777777777,33078.5
2026-05-03 15:30:00,6,5,32,33078.5,31721.64,31984.0,1907.9026111111111,1720.7782777777777,33795.09
2026-05-03 16:00:00,6,5,33,33795.09,32453.56,29792.0,1907.9026111111111,1720.7782777777777,34099.84
2026-05-03 16:30:00,6,5,34,34099.84,33269.25,27762.0,1907.9026111111111,1720.7782777777777,34967.95
2026-05-03 17:00:00,6,5,35,34967.95,33790.28,26158.0,1907.9026111111111,1720.7782777777777,35500.3
2026-05-03 17:30:00,6,5,36,35500.3,34178.44,25205.0,1907.9026111111111,1720.7782777777777,36212.36
2026-05-03 18:00:00,6,5,37,36212.36,34859.32,25563.0,1907.9026111111111,1720.7782777777777,36364.57
2026-05-03 18:30:00,6,5,38,36364.57,35111.8,26091.0,1907.9026111111111,1720.7782777777777,35916.05
2026-05-03 19:00:00,6,5,39,35916.05,35045.65,25349.0,1907.9026111111111,1720.7782777777777,35465.41
2026-05-03 19:30:00,6,5,40,35465.41,34147.1,24950.0,1907.9026111111111,1720.7782777777777,34899.1
2026-05-03 20:00:00,6,5,41,34899.1,33090.13,24313.0,1907.9026111111111,1720.7782777777777,33904.16
2026-05-03 20:30:00,6,5,42,33904.16,32688.41,23714.0,1907.9026111111111,1720.7782777777777,32813.08
2026-05-03 21:00:00,6,5,43,32813.08,31788.47,23123.0,1907.9026111111111,1720.7782777777777,31885.99
2026-05-03 21:30:00,6,5,44,31885.99,30305.34,22896.0,1907.9026111111111,1720.7782777777777,30499.07
2026-05-03 22:00:00,6,5,45,30499.07,28816.03,22738.0,1907.9026111111111,1720.7782777777777,28911.23
2026-05-03 22:30:00,6,5,46,28911.23,27081.91,22984.0,1907.9026111111111,1720.7782777777777,27335.7
2026-05-03 23:00:00,6,5,47,27335.7,25566.23,23274.0,1907.9026111111111,1720.7782777777777,25889.99
2026-05-03 23:30:00,6,5,48,25889.99,24078.29,23831.0,1907.9026111111111,1720.7782777777777,24534.07
2026-05-04 00:00:00,0,5,1,24534.07,23719.45,26235.0,1907.9026111111111,1720.7782777777777,24427.24
2026-05-04 00:30:00,0,5,2,24427.24,23968.68,29016.0,1907.9026111111111,1720.7782777777777,24800.88
2026-05-04 01:00:00,0,5,3,24800.88,23580.09,32332.0,1907.9026111111111,1720.7782777777777,24739.05
2026-05-04 01:30:00,0,5,4,24739.05,23199.98,33949.0,1907.9026111111111,1720.7782777777777,24561.67
2026-05-04 02:00:00,0,5,5,24561.67,22804.26,35451.0,1907.9026111111111,1720.7782777777777,24204.28
2026-05-04 02:30:00,0,5,6,24204.28,22436.71,35951.0,1907.9026111111111,1720.7782777777777,23763.95
2026-05-04 03:00:00,0,5,7,23763.95,22079.14,37380.0,1907.9026111111111,1720.7782777777777,23576.09
2026-05-04 03:30:00,0,5,8,23576.09,21848.37,37912.0,1907.9026111111111,1720.7782777777777,23318.61
2026-05-04 04:00:00,0,5,9,23318.61,21690.06,38049.0,1907.9026111111111,1720.7782777777777,23082.71
2026-05-04 04:30:00,0,5,10,23082.71,21722.87,38072.0,1907.9026111111111,1720.7782777777777,23155.21
2026-05-04 05:00:00,0,5,11,23155.21,22231.65,38417.0,1907.9026111111111,1720.7782777777777,23975.51
2026-05-04 05:30:00,0,5,12,23975.51,23268.94,37967.0,1907.9026111111111,1720.7782777777777,25256.55
2026-05-04 06:00:00,0,5,13,25256.55,24460.14,38243.0,1907.9026111111111,1720.7782777777777,27397.92
2026-05-04 06:30:00,0,5,14,27397.92,26034.28,38272.0,1907.9026111111111,1720.7782777777777,29623.63
2026-05-04 07:00:00,0,5,15,29623.63,27746.45,38235.0,1907.9026111111111,1720.7782777777777,32608.63
2026-05-04 07:30:00,0,5,16,32608.63,28690.64,37556.0,1907.9026111111111,1720.7782777777777,33362.67
2026-05-04 08:00:00,0,5,17,33362.67,30017.86,37398.0,1907.9026111111111,1720.7782777777777,34230.55
2026-05-04 08:30:00,0,5,18,34230.55,30339.11,36906.0,1907.9026111111111,1720.7782777777777,34412.77
2026-05-04 09:00:00,0,5,19,34412.77,30614.97,36702.0,1907.9026111111111,1720.7782777777777,34553.56
2026-05-04 09:30:00,0,5,20,34553.56,31011.97,37485.0,1907.9026111111111,1720.7782777777777,34591.51
2026-05-04 10:00:00,0,5,21,34591.51,31115.03,38453.0,1907.9026111111111,1720.7782777777777,34676.1
2026-05-04 10:30:00,0,5,22,34676.1,31202.59,39600.0,1907.9026111111111,1720.7782777777777,34720.08
2026-05-04 11:00:00,0,5,23,34720.08,31362.35,40787.0,1907.9026111111111,1720.7782777777777,34745.42
2026-05-04 11:30:00,0,5,24,34745.42,31672.07,40708.0,1907.9026111111111,1720.7782777777777,34741.78
2026-05-04 12:00:00,0,5,25,34741.78,31856.74,40458.0,1907.9026111111111,1720.7782777777777,34743.17
2026-05-04 12:30:00,0,5,26,34743.17,31989.14,40129.0,1907.9026111111111,1720.7782777777777,34730.85
2026-05-04 13:00:00,0,5,27,34730.85,32111.52,39574.0,1907.9026111111111,1720.7782777777777,34743.91
2026-05-04 13:30:00,0,5,28,34743.91,32301.52,38223.0,1907.9026111111111,1720.7782777777777,34738.35
2026-05-04 14:00:00,0,5,29,34738.35,32589.15,37282.0,1907.9026111111111,1720.7782777777777,34769.16
2026-05-04 14:30:00,0,5,30,34769.16,32805.66,36105.0,1907.9026111111111,1720.7782777777777,34802.75
2026-05-04 15:00:00,0,5,31,34802.75,33078.5,34519.0,1907.9026111111111,1720.7782777777777,35036.13
2026-05-04 15:30:00,0,5,32,35036.13,33795.09,32706.0,1907.9026111111111,1720.7782777777777,35625.02
2026-05-04 16:00:00,0,5,33,35625.02,34099.84,30795.0,1907.9026111111111,1720.7782777777777,36191.04
2026-05-04 16:30:00,0,5,34,36191.04,34967.95,29452.0,1907.9026111111111,1720.7782777777777,36694.1
2026-05-04 17:00:00,0,5,35,36694.1,35500.3,27786.0,1907.9026111111111,1720.7782777777777,37400.82
2026-05-04 17:30:00,0,5,36,37400.82,36212.36,26811.0,1907.9026111111111,1720.7782777777777,37675.14
2026-05-04 18:00:00,0,5,37,37675.14,36364.57,27642.0,1907.9026111111111,1720.7782777777777,37407.67
2026-05-04 18:30:00,0,5,38,37407.67,35916.05,27920.0,1907.9026111111111,1720.7782777777777,36702.3
2026-05-04 19:00:00,0,5,39,36702.3,35465.41,28050.0,1907.9026111111111,1720.7782777777777,35924.5
2026-05-04 19:30:00,0,5,40,35924.5,34899.1,27369.0,1907.9026111111111,1720.7782777777777,35287.12
2026-05-04 20:00:00,0,5,41,35287.12,33904.16,27173.0,1907.9026111111111,1720.7782777777777,34359.41
2026-05-04 20:30:00,0,5,42,34359.41,32813.08,26728.0,1907.9026111111111,1720.7782777777777,32794.93
2026-05-04 21:00:00,0,5,43,32794.93,31885.99,26504.0,1907.9026111111111,1720.7782777777777,31711.0
2026-05-04 21:30:00,0,5,44,31711.0,30499.07,25850.0,1907.9026111111111,1720.7782777777777,30172.14
2026-05-04 22:00:00,0,5,45,30172.14,28911.23,25370.0,1907.9026111111111,1720.7782777777777,28519.12
2026-05-04 22:30:00,0,5,46,28519.12,27335.7,25766.0,1907.9026111111111,1720.7782777777777,26833.89
2026-05-04 23:00:00,0,5,47,26833.89,25889.99,25938.0,1907.9026111111111,1720.7782777777777,25374.46
2026-05-04 23:30:00,0,5,48,25374.46,24534.07,27440.0,1907.9026111111111,1720.7782777777777,23952.27
2026-05-05 00:00:00,1,5,1,23952.27,24427.24,30045.0,1907.9026111111111,1720.7782777777777,23718.91
2026-05-05 00:30:00,1,5,2,23718.91,24800.88,32559.0,1907.9026111111111,1720.7782777777777,24003.91
2026-05-05 01:00:00,1,5,3,24003.91,24739.05,36117.0,1907.9026111111111,1720.7782777777777,23750.11
2026-05-05 01:30:00,1,5,4,23750.11,24561.67,37373.0,1907.9026111111111,1720.7782777777777,23524.96
2026-05-05 02:00:00,1,5,5,23524.96,24204.28,38777.0,1907.9026111111111,1720.7782777777777,23226.32
2026-05-05 02:30:00,1,5,6,23226.32,23763.95,38908.0,1907.9026111111111,1720.7782777777777,22923.53
2026-05-05 03:00:00,1,5,7,22923.53,23576.09,38950.0,1907.9026111111111,1720.7782777777777,22875.46
2026-05-05 03:30:00,1,5,8,22875.46,23318.61,38063.0,1907.9026111111111,1720.7782777777777,22851.28
2026-05-05 04:00:00,1,5,9,22851.28,23082.71,37136.0,1907.9026111111111,1720.7782777777777,22851.99
2026-05-05 04:30:00,1,5,10,22851.99,23155.21,36492.0,1907.9026111111111,1720.7782777777777,23011.08
2026-05-05 05:00:00,1,5,11,23011.08,23975.51,35900.0,1907.9026111111111,1720.7782777777777,23860.72
2026-05-05 05:30:00,1,5,12,23860.72,25256.55,35425.0,1907.9026111111111,1720.7782777777777,24992.36
2026-05-05 06:00:00,1,5,13,24992.36,27397.92,35432.0,1907.9026111111111,1720.7782777777777,27092.3
2026-05-05 06:30:00,1,5,14,27092.3,29623.63,35156.0,1907.9026111111111,1720.7782777777777,29521.49
2026-05-05 07:00:00,1,5,15,29521.49,32608.63,35287.0,1907.9026111111111,1720.7782777777777,32583.58
2026-05-05 07:30:00,1,5,16,32583.58,33362.67,35217.0,1907.9026111111111,1720.7782777777777,33252.96
2026-05-05 08:00:00,1,5,17,33252.96,34230.55,35276.0,1907.9026111111111,1720.7782777777777,34073.06
2026-05-05 08:30:00,1,5,18,34073.06,34412.77,35519.0,1907.9026111111111,1720.7782777777777,34174.57
2026-05-05 09:00:00,1,5,19,34174.57,34553.56,36621.0,1907.9026111111111,1720.7782777777777,34382.8
2026-05-05 09:30:00,1,5,20,34382.8,34591.51,38001.0,1907.9026111111111,1720.7782777777777,34296.79
2026-05-05 10:00:00,1,5,21,34296.79,34676.1,39364.0,1907.9026111111111,1720.7782777777777,34121.12
2026-05-05 10:30:00,1,5,22,34121.12,34720.08,40627.0,1907.9026111111111,1720.7782777777777,33965.05
2026-05-05 11:00:00,1,5,23,33965.05,34745.42,41854.0,1907.9026111111111,1720.7782777777777,33846.41
2026-05-05 11:30:00,1,5,24,33846.41,34741.78,42173.0,1907.9026111111111,1720.7782777777777,33795.58
2026-05-05 12:00:00,1,5,25,33795.58,34743.17,41957.0,1907.9026111111111,1720.7782777777777,33744.09
2026-05-05 12:30:00,1,5,26,33744.09,34730.85,41586.0,1907.9026111111111,1720.7782777777777,33745.59
2026-05-05 13:00:00,1,5,27,33745.59,34743.91,40979.0,1907.9026111111111,1720.7782777777777,33748.89
2026-05-05 13:30:00,1,5,28,33748.89,34738.35,40460.0,1907.9026111111111,1720.7782777777777,33733.66
2026-05-05 14:00:00,1,5,29,33733.66,34769.16,39131.0,1907.9026111111111,1720.7782777777777,33744.97
2026-05-05 14:30:00,1,5,30,33744.97,34802.75,37394.0,1907.9026111111111,1720.7782777777777,33795.26
2026-05-05 15:00:00,1,5,31,33795.26,35036.13,35720.0,1907.9026111111111,1720.7782777777777,33913.83
2026-05-05 15:30:00,1,5,32,33913.83,35625.02,33880.0,1907.9026111111111,1720.7782777777777,34396.81
2026-05-05 16:00:00,1,5,33,34396.81,36191.04,32223.0,1907.9026111111111,1720.7782777777777,35069.13
2026-05-05 16:30:00,1,5,34,35069.13,36694.1,30218.0,1907.9026111111111,1720.7782777777777,35741.61
2026-05-05 17:00:00,1,5,35,35741.61,37400.82,28681.0,1907.9026111111111,1720.7782777777777,36317.08
2026-05-05 17:30:00,1,5,36,36317.08,37675.14,28145.0,1907.9026111111111,1720.7782777777777,36841.11
2026-05-05 18:00:00,1,5,37,36841.11,37407.67,28173.0,1907.9026111111111,1720.7782777777777,36803.24
2026-05-05 18:30:00,1,5,38,36803.24,36702.3,28754.0,1907.9026111111111,1720.7782777777777,36221.27
2026-05-05 19:00:00,1,5,39,36221.27,35924.5,28482.0,1907.9026111111111,1720.7782777777777,35570.03
2026-05-05 19:30:00,1,5,40,35570.03,35287.12,27608.0,1907.9026111111111,1720.7782777777777,35122.43
2026-05-05 20:00:00,1,5,41,35122.43,34359.41,26744.0,1907.9026111111111,1720.7782777777777,33893.37
2026-05-05 20:30:00,1,5,42,33893.37,32794.93,26115.0,1907.9026111111111,1720.7782777777777,32806.1
2026-05-05 21:00:00,1,5,43,32806.1,31711.0,25942.0,1907.9026111111111,1720.7782777777777,31718.44
2026-05-05 21:30:00,1,5,44,31718.44,30172.14,25513.0,1907.9026111111111,1720.7782777777777,30147.85
2026-05-05 22:00:00,1,5,45,30147.85,28519.12,24975.0,1907.9026111111111,1720.7782777777777,28527.03
2026-05-05 22:30:00,1,5,46,28527.03,26833.89,25083.0,1907.9026111111111,1720.7782777777777,26883.03
2026-05-05 23:00:00,1,5,47,26883.03,25374.46,25183.0,1907.9026111111111,1720.7782777777777,25368.99
2026-05-05 23:30:00,1,5,48,25368.99,23952.27,26403.0,1907.9026111111111,1720.7782777777777,23934.44
2026-05-06 00:00:00,2,5,1,23934.44,23718.91,28947.0,1907.9026111111111,1720.7782777777777,23675.94
2026-05-06 00:30:00,2,5,2,23675.94,24003.91,31282.0,1907.9026111111111,1720.7782777777777,23691.21
2026-05-06 01:00:00,2,5,3,23691.21,23750.11,34331.0,1907.9026111111111,1720.7782777777777,23407.18
2026-05-06 01:30:00,2,5,4,23407.18,23524.96,35994.0,1907.9026111111111,1720.7782777777777,22987.54
2026-05-06 02:00:00,2,5,5,22987.54,23226.32,37387.0,1907.9026111111111,1720.7782777777777,22866.65
2026-05-06 02:30:00,2,5,6,22866.65,22923.53,37498.0,1907.9026111111111,1720.7782777777777,22809.8
2026-05-06 03:00:00,2,5,7,22809.8,22875.46,38081.0,1907.9026111111111,1720.7782777777777,22499.84
2026-05-06 03:30:00,2,5,8,22499.84,22851.28,37826.0,1907.9026111111111,1720.7782777777777,22224.2
2026-05-06 04:00:00,2,5,9,22224.2,22851.99,37892.0,1907.9026111111111,1720.7782777777777,22167.71
2026-05-06 04:30:00,2,5,10,22167.71,23011.08,37540.0,1907.9026111111111,1720.7782777777777,22197.83
2026-05-06 05:00:00,2,5,11,22197.83,23860.72,37374.0,1907.9026111111111,1720.7782777777777,23003.67
2026-05-06 05:30:00,2,5,12,23003.67,24992.36,37342.0,1907.9026111111111,1720.7782777777777,23999.08
2026-05-06 06:00:00,2,5,13,23999.08,27092.3,37895.0,1907.9026111111111,1720.7782777777777,26129.92
2026-05-06 06:30:00,2,5,14,26129.92,29521.49,37618.0,1907.9026111111111,1720.7782777777777,28498.7
2026-05-06 07:00:00,2,5,15,28498.7,32583.58,37607.0,1907.9026111111111,1720.7782777777777,31123.59
2026-05-06 07:30:00,2,5,16,31123.59,33252.96,37495.0,1907.9026111111111,1720.7782777777777,32346.89
2026-05-06 08:00:00,2,5,17,32346.89,34073.06,37712.0,1907.9026111111111,1720.7782777777777,33317.67
2026-05-06 08:30:00,2,5,18,33317.67,34174.57,37798.0,1907.9026111111111,1720.7782777777777,33601.19
2026-05-06 09:00:00,2,5,19,33601.19,34382.8,37853.0,1907.9026111111111,1720.7782777777777,33913.05
2026-05-06 09:30:00,2,5,20,33913.05,34296.79,38703.0,1907.9026111111111,1720.7782777777777,33756.57
2026-05-06 10:00:00,2,5,21,33756.57,34121.12,39305.0,1907.9026111111111,1720.7782777777777,33694.96
2026-05-06 10:30:00,2,5,22,33694.96,33965.05,40927.0,1907.9026111111111,1720.7782777777777,33732.48
2026-05-06 11:00:00,2,5,23,33732.48,33846.41,42129.0,1907.9026111111111,1720.7782777777777,33733.51
2026-05-06 11:30:00,2,5,24,33733.51,33795.58,42235.0,1907.9026111111111,1720.7782777777777,33720.9
2026-05-06 12:00:00,2,5,25,33720.9,33744.09,42090.0,1907.9026111111111,1720.7782777777777,33735.62
2026-05-06 12:30:00,2,5,26,33735.62,33745.59,41543.0,1907.9026111111111,1720.7782777777777,33726.65
2026-05-06 13:00:00,2,5,27,33726.65,33748.89,40828.0,1907.9026111111111,1720.7782777777777,33741.68
2026-05-06 13:30:00,2,5,28,33741.68,33733.66,39383.0,1907.9026111111111,1720.7782777777777,33710.65
2026-05-06 14:00:00,2,5,29,33710.65,33744.97,38773.0,1907.9026111111111,1720.7782777777777,33759.78
2026-05-06 14:30:00,2,5,30,33759.78,33795.26,37425.0,1907.9026111111111,1720.7782777777777,33782.21
2026-05-06 15:00:00,2,5,31,33782.21,33913.83,35347.0,1907.9026111111111,1720.7782777777777,33910.17
2026-05-06 15:30:00,2,5,32,33910.17,34396.81,33935.0,1907.9026111111111,1720.7782777777777,34407.8
2026-05-06 16:00:00,2,5,33,34407.8,35069.13,31873.0,1907.9026111111111,1720.7782777777777,35085.97
2026-05-06 16:30:00,2,5,34,35085.97,35741.61,30217.0,1907.9026111111111,1720.7782777777777,35732.75
2026-05-06 17:00:00,2,5,35,35732.75,36317.08,28193.0,1907.9026111111111,1720.7782777777777,36266.39
2026-05-06 17:30:00,2,5,36,36266.39,36841.11,26709.0,1907.9026111111111,1720.7782777777777,36811.3
